run_id,destruction_pct,protocol,accuracy
1,0,ours,94.76190476190476
2,0,ours,93.80952380952381
3,0,ours,94.28571428571428
4,0,ours,93.33333333333333
5,0,ours,93.80952380952381
6,0,ours,94.28571428571428
7,0,ours,93.80952380952381
8,0,ours,94.28571428571428
9,0,ours,93.33333333333333
10,0,ours,94.76190476190476
11,0,ours,94.76190476190476
12,0,ours,94.76190476190476
13,0,ours,94.28571428571428
14,0,ours,93.33333333333333
15,0,ours,93.80952380952381
16,0,ours,93.80952380952381
17,0,ours,93.80952380952381
18,0,ours,94.28571428571428
19,0,ours,94.76190476190476
20,0,ours,93.33333333333333
21,0,ours,93.80952380952381
22,0,ours,93.80952380952381
23,0,ours,94.28571428571428
24,0,ours,93.80952380952381
25,0,ours,94.76190476190476
26,0,ours,93.80952380952381
27,0,ours,94.28571428571428
28,0,ours,94.76190476190476
29,0,ours,93.33333333333333
30,0,ours,93.80952380952381
31,20,ours,95.23809523809523
32,20,ours,75.71428571428571
33,20,ours,83.80952380952381
34,20,ours,56.19047619047619
35,20,ours,56.666666666666664
36,20,ours,65.71428571428571
37,20,ours,84.76190476190476
38,20,ours,84.28571428571429
39,20,ours,65.71428571428571
40,20,ours,75.71428571428571
41,20,ours,95.23809523809523
42,20,ours,56.666666666666664
43,20,ours,65.71428571428571
44,20,ours,75.71428571428571
45,20,ours,85.23809523809524
46,20,ours,56.666666666666664
47,20,ours,93.80952380952381
48,20,ours,84.28571428571429
49,20,ours,65.23809523809524
50,20,ours,66.19047619047619
51,20,ours,83.80952380952381
52,20,ours,65.71428571428571
53,20,ours,74.76190476190476
54,20,ours,94.28571428571428
55,20,ours,95.23809523809523
56,20,ours,84.76190476190476
57,20,ours,84.76190476190476
58,20,ours,74.76190476190476
59,20,ours,94.28571428571428
60,20,ours,74.76190476190476
61,40,ours,47.61904761904761
62,40,ours,83.80952380952381
63,40,ours,55.23809523809524
64,40,ours,74.28571428571429
65,40,ours,66.19047619047619
66,40,ours,37.61904761904762
67,40,ours,65.71428571428571
68,40,ours,37.61904761904762
69,40,ours,56.666666666666664
70,40,ours,65.71428571428571
71,40,ours,56.19047619047619
72,40,ours,56.19047619047619
73,40,ours,65.23809523809524
74,40,ours,75.23809523809524
75,40,ours,56.19047619047619
76,40,ours,84.76190476190476
77,40,ours,75.71428571428571
78,40,ours,94.28571428571428
79,40,ours,66.19047619047619
80,40,ours,47.61904761904761
81,40,ours,57.14285714285714
82,40,ours,66.19047619047619
83,40,ours,56.19047619047619
84,40,ours,37.61904761904762
85,40,ours,56.666666666666664
86,40,ours,66.19047619047619
87,40,ours,47.14285714285714
88,40,ours,56.666666666666664
89,40,ours,65.71428571428571
90,40,ours,55.23809523809524
91,60,ours,56.666666666666664
92,60,ours,36.666666666666664
93,60,ours,27.61904761904762
94,60,ours,47.61904761904761
95,60,ours,56.666666666666664
96,60,ours,38.095238095238095
97,60,ours,56.666666666666664
98,60,ours,28.095238095238095
99,60,ours,28.57142857142857
100,60,ours,47.14285714285714
101,60,ours,47.14285714285714
102,60,ours,46.666666666666664
103,60,ours,28.095238095238095
104,60,ours,37.61904761904762
105,60,ours,38.095238095238095
106,60,ours,28.57142857142857
107,60,ours,19.047619047619047
108,60,ours,38.095238095238095
109,60,ours,38.095238095238095
110,60,ours,47.14285714285714
111,60,ours,28.095238095238095
112,60,ours,19.047619047619047
113,60,ours,65.71428571428571
114,60,ours,46.666666666666664
115,60,ours,47.14285714285714
116,60,ours,28.095238095238095
117,60,ours,28.095238095238095
118,60,ours,38.095238095238095
119,60,ours,37.61904761904762
120,60,ours,28.095238095238095
121,0,tbcp,47.61904761904761
122,0,tbcp,38.095238095238095
123,0,tbcp,38.095238095238095
124,0,tbcp,95.23809523809523
125,0,tbcp,47.61904761904761
126,0,tbcp,38.095238095238095
127,0,tbcp,76.19047619047619
128,0,tbcp,57.14285714285714
129,0,tbcp,76.19047619047619
130,0,tbcp,66.66666666666666
131,0,tbcp,66.66666666666666
132,0,tbcp,47.61904761904761
133,0,tbcp,66.66666666666666
134,0,tbcp,47.61904761904761
135,0,tbcp,47.61904761904761
136,0,tbcp,66.66666666666666
137,0,tbcp,66.66666666666666
138,0,tbcp,47.61904761904761
139,0,tbcp,28.57142857142857
140,0,tbcp,66.66666666666666
141,0,tbcp,47.61904761904761
142,0,tbcp,85.71428571428571
143,0,tbcp,76.19047619047619
144,0,tbcp,66.66666666666666
145,0,tbcp,76.19047619047619
146,0,tbcp,57.14285714285714
147,0,tbcp,85.71428571428571
148,0,tbcp,66.66666666666666
149,0,tbcp,38.095238095238095
150,0,tbcp,76.19047619047619
151,0,tbcp,85.71428571428571
152,0,tbcp,66.66666666666666
153,0,tbcp,66.66666666666666
154,0,tbcp,57.14285714285714
155,0,tbcp,66.66666666666666
156,0,tbcp,57.14285714285714
157,0,tbcp,47.61904761904761
158,0,tbcp,47.61904761904761
159,0,tbcp,47.61904761904761
160,0,tbcp,76.19047619047619
161,0,tbcp,66.66666666666666
162,0,tbcp,66.66666666666666
163,0,tbcp,38.095238095238095
164,0,tbcp,85.71428571428571
165,0,tbcp,57.14285714285714
166,0,tbcp,85.71428571428571
167,0,tbcp,28.57142857142857
168,0,tbcp,66.66666666666666
169,0,tbcp,73.07692307692307
170,20,tbcp,63.49206349206349
171,20,tbcp,59.523809523809526
172,20,tbcp,84.65608465608466
173,20,tbcp,81.63265306122449
174,20,tbcp,47.61904761904761
175,20,tbcp,71.42857142857143
176,20,tbcp,71.42857142857143
177,20,tbcp,59.523809523809526
178,20,tbcp,71.42857142857143
179,20,tbcp,81.63265306122449
180,20,tbcp,83.33333333333334
181,20,tbcp,81.63265306122449
182,20,tbcp,83.33333333333334
183,20,tbcp,54.421768707483
184,20,tbcp,52.910052910052904
185,20,tbcp,57.14285714285714
186,20,tbcp,74.07407407407408
187,20,tbcp,76.19047619047619
188,20,tbcp,71.42857142857143
189,20,tbcp,85.71428571428571
190,20,tbcp,59.523809523809526
191,20,tbcp,76.19047619047619
192,20,tbcp,63.49206349206349
193,20,tbcp,79.36507936507937
194,20,tbcp,59.523809523809526
195,20,tbcp,54.421768707483
196,20,tbcp,63.49206349206349
197,20,tbcp,68.02721088435374
198,20,tbcp,52.910052910052904
199,20,tbcp,54.421768707483
200,40,tbcp,57.14285714285714
201,40,tbcp,47.61904761904761
202,40,tbcp,71.42857142857143
203,40,tbcp,54.421768707483
204,40,tbcp,63.49206349206349
205,40,tbcp,57.14285714285714
206,40,tbcp,63.49206349206349
207,40,tbcp,95.23809523809523
208,40,tbcp,47.61904761904761
209,40,tbcp,31.746031746031743
210,40,tbcp,52.910052910052904
211,40,tbcp,71.42857142857143
212,40,tbcp,54.421768707483
213,40,tbcp,23.809523809523807
214,40,tbcp,54.421768707483
215,40,tbcp,47.61904761904761
216,40,tbcp,63.49206349206349
217,40,tbcp,54.421768707483
218,40,tbcp,31.746031746031743
219,40,tbcp,47.61904761904761
220,40,tbcp,23.809523809523807
221,40,tbcp,31.746031746031743
222,40,tbcp,71.42857142857143
223,40,tbcp,68.02721088435374
224,40,tbcp,54.421768707483
225,40,tbcp,71.42857142857143
226,40,tbcp,47.61904761904761
227,40,tbcp,95.23809523809523
228,40,tbcp,54.421768707483
229,40,tbcp,81.63265306122449
230,60,tbcp,76.19047619047619
231,60,tbcp,47.61904761904761
232,60,tbcp,71.42857142857143
233,60,tbcp,79.36507936507937
234,60,tbcp,95.23809523809523
235,60,tbcp,38.095238095238095
236,60,tbcp,57.14285714285714
237,60,tbcp,95.23809523809523
238,60,tbcp,31.746031746031743
239,60,tbcp,47.61904761904761
240,60,tbcp,79.36507936507937
241,60,tbcp,23.809523809523807
242,60,tbcp,19.047619047619047
243,60,tbcp,95.23809523809523
244,60,tbcp,0.0
245,60,tbcp,47.61904761904761
246,60,tbcp,63.49206349206349
247,60,tbcp,40.816326530612244
248,60,tbcp,95.23809523809523
249,60,tbcp,71.42857142857143
250,60,tbcp,95.23809523809523
251,60,tbcp,76.19047619047619
252,60,tbcp,63.49206349206349
253,60,tbcp,95.23809523809523
254,60,tbcp,79.36507936507937
255,60,tbcp,47.61904761904761
256,60,tbcp,31.746031746031743
257,60,tbcp,71.42857142857143
258,60,tbcp,19.047619047619047
259,60,tbcp,95.23809523809523
260,0,leach,15.714285714285714
261,0,leach,15.238095238095239
262,0,leach,15.714285714285714
263,0,leach,15.238095238095239
264,0,leach,15.238095238095239
265,0,leach,15.238095238095239
266,0,leach,15.714285714285714
267,0,leach,15.714285714285714
268,0,leach,16.19047619047619
269,0,leach,15.238095238095239
270,0,leach,15.714285714285714
271,0,leach,15.238095238095239
272,0,leach,15.238095238095239
273,0,leach,15.714285714285714
274,0,leach,15.238095238095239
275,0,leach,15.238095238095239
276,0,leach,15.714285714285714
277,0,leach,15.238095238095239
278,0,leach,15.238095238095239
279,0,leach,15.238095238095239
280,0,leach,15.714285714285714
281,0,leach,15.714285714285714
282,0,leach,15.238095238095239
283,0,leach,15.238095238095239
284,0,leach,15.238095238095239
285,0,leach,15.714285714285714
286,0,leach,15.714285714285714
287,0,leach,15.238095238095239
288,0,leach,15.238095238095239
289,0,leach,15.238095238095239
290,20,leach,15.714285714285714
291,20,leach,17.46031746031746
292,20,leach,9.523809523809524
293,20,leach,12.698412698412698
294,20,leach,10.884353741496598
295,20,leach,21.768707482993197
296,20,leach,8.465608465608465
297,20,leach,19.047619047619047
298,20,leach,25.396825396825395
299,20,leach,8.465608465608465
300,20,leach,21.768707482993197
301,20,leach,13.492063492063492
302,20,leach,16.93121693121693
303,20,leach,16.93121693121693
304,20,leach,19.047619047619047
305,20,leach,19.047619047619047
306,20,leach,19.642857142857142
307,20,leach,30.476190476190478
308,20,leach,8.465608465608465
309,20,leach,16.93121693121693
310,20,leach,15.238095238095239
311,20,leach,20.238095238095237
312,20,leach,10.119047619047619
313,20,leach,8.465608465608465
314,20,leach,19.047619047619047
315,20,leach,11.904761904761903
316,20,leach,10.884353741496598
317,20,leach,15.238095238095239
318,20,leach,17.46031746031746
319,20,leach,20.238095238095237
320,40,leach,12.698412698412698
321,40,leach,9.523809523809524
322,40,leach,25.396825396825395
323,40,leach,0.0
324,40,leach,21.08843537414966
325,40,leach,10.884353741496598
326,40,leach,19.047619047619047
327,40,leach,26.190476190476193
328,40,leach,30.476190476190478
329,40,leach,10.204081632653061
330,40,leach,21.768707482993197
331,40,leach,12.698412698412698
332,40,leach,15.238095238095239
333,40,leach,18.452380952380953
334,40,leach,25.396825396825395
335,40,leach,15.238095238095239
336,40,leach,0.0
337,40,leach,26.984126984126984
338,40,leach,15.238095238095239
339,40,leach,0.0
340,40,leach,15.238095238095239
341,40,leach,0.0
342,40,leach,0.0
343,40,leach,10.884353741496598
344,40,leach,25.396825396825395
345,40,leach,0.0
346,40,leach,11.564625850340136
347,40,leach,20.238095238095237
348,40,leach,16.19047619047619
349,40,leach,21.768707482993197
350,60,leach,19.047619047619047
351,60,leach,12.698412698412698
352,60,leach,25.396825396825395
353,60,leach,15.238095238095239
354,60,leach,0.0
355,60,leach,15.238095238095239
356,60,leach,14.285714285714285
357,60,leach,13.492063492063492
358,60,leach,13.492063492063492
359,60,leach,40.476190476190474
360,60,leach,15.238095238095239
361,60,leach,0.0
362,60,leach,0.0
363,60,leach,0.0
364,60,leach,0.0
365,60,leach,0.0
366,60,leach,15.238095238095239
367,60,leach,0.0
368,60,leach,38.095238095238095
369,60,leach,0.0
370,60,leach,26.984126984126984
371,60,leach,0.0
372,60,leach,38.095238095238095
373,60,leach,25.396825396825395
374,60,leach,30.476190476190478
375,60,leach,19.047619047619047
376,60,leach,0.0
377,60,leach,0.0
378,60,leach,19.047619047619047
379,60,leach,0.0
